{"success_trial": [100, 150, 200, 250, 300, 350, 400, 450, 500, 550, 600, 650, 700, 750, 800, 850, 900, 950], "cost": 0.021701186895370483, "creg": 0.03748059272766113, "success_action_prob": [0.001953125, 0.66796875, 0.98828125, 0.994140625, 0.99609375, 0.990234375, 0.98828125, 0.99609375, 0.984375, 0.990234375, 0.994140625, 0.9921875, 0.990234375, 0.962890625, 0.99609375, 0.9921875, 0.994140625, 0.998046875, 0.99609375, 0.994140625], "mean_choice_error": [], "model_dir": "./model_A2B_1/type8_256_30_model_1_load_A12", "time": [1.2286057472229004, 12.868803262710571, 28.396583318710327, 37.66064119338989, 49.05898380279541, 60.89313507080078, 72.8352279663086, 84.68823003768921, 99.18767642974854, 113.7859754562378, 129.2089810371399, 142.34733605384827, 152.88856196403503, 165.3949270248413, 176.75014233589172, 189.286541223526, 204.31273555755615, 212.9296486377716, 225.08604073524475, 235.0324764251709], "cost_": [0.40857699513435364, 0.1313505321741104, 0.019612405449151993, 0.016840536147356033, 0.015672307461500168, 0.016726961359381676, 0.018840771168470383, 0.014347883872687817, 0.017799589782953262, 0.014597199857234955, 0.015794986858963966, 0.016504522413015366, 0.01623186282813549, 0.02491571381688118, 0.01259211078286171, 0.01394987478852272, 0.014278143644332886, 0.013366124592721462, 0.01269503217190504, 0.013867087662220001, 0.021701186895370483], "creg_": [0.006811454426497221, 0.0067093162797391415, 0.006745149381458759, 0.006694016046822071, 0.006648121401667595, 0.040039099752902985, 0.040051162242889404, 0.03993373364210129, 0.03916864097118378, 0.03904679790139198, 0.03927972912788391, 0.03854546323418617, 0.0389292947947979, 0.03818828612565994, 0.03880663961172104, 0.03899162635207176, 0.03745254874229431, 0.03821809962391853, 0.038127604871988297, 0.0379532165825367, 0.03748059272766113]}