{"success_trial": [50, 100, 150, 200, 250, 300, 350, 400, 450, 500, 550, 600, 650, 700, 750, 800, 850, 900, 950], "cost": 0.02178572118282318, "creg": 0.03362186253070831, "success_action_prob": [0.00390625, 0.927734375, 0.966796875, 0.990234375, 0.98828125, 0.99609375, 0.994140625, 0.994140625, 0.990234375, 0.978515625, 0.984375, 0.990234375, 0.98828125, 0.994140625, 0.99609375, 0.958984375, 0.998046875, 0.994140625, 0.98828125, 0.994140625], "mean_choice_error": [], "model_dir": "./model_A2B_1/type8_256_30_model_1_load_A15", "time": [0.8985536098480225, 10.323439121246338, 17.37738561630249, 28.734570264816284, 43.75070405006409, 54.568925619125366, 67.89573287963867, 78.43119239807129, 89.11734914779663, 101.19114661216736, 112.03573107719421, 123.65560173988342, 134.56561994552612, 146.18364596366882, 157.8230538368225, 168.6784052848816, 181.0770299434662, 193.30985355377197, 201.28505158424377, 209.58773136138916], "cost_": [0.4252561628818512, 0.047516483813524246, 0.022805705666542053, 0.015346502885222435, 0.017180470749735832, 0.020468998700380325, 0.014843459241092205, 0.015128452330827713, 0.01923516020178795, 0.024515515193343163, 0.01892644353210926, 0.01567746512591839, 0.01553660724312067, 0.015071028843522072, 0.018249209970235825, 0.03336522355675697, 0.015324943698942661, 0.016860608011484146, 0.015163622796535492, 0.01360471360385418, 0.02178572118282318], "creg_": [0.006622379645705223, 0.006598182488232851, 0.006595156621187925, 0.006580485962331295, 0.0065520512871444225, 0.03823010250926018, 0.036903925240039825, 0.036903977394104004, 0.03650527819991112, 0.03474229946732521, 0.035296812653541565, 0.034732431173324585, 0.03559061884880066, 0.035722069442272186, 0.03489788994193077, 0.033471204340457916, 0.03500904142856598, 0.03373246267437935, 0.03523882478475571, 0.034570127725601196, 0.03362186253070831]}