{"success_trial": [50, 100, 150, 200, 250, 300, 350, 400, 450, 500, 550, 600, 650, 700, 750, 800, 850, 900, 950], "cost": 0.01483474113047123, "creg": 0.03710739687085152, "success_action_prob": [0.0, 0.970703125, 0.990234375, 0.98828125, 0.947265625, 0.98828125, 0.9921875, 0.982421875, 0.986328125, 0.986328125, 0.990234375, 0.9921875, 0.9921875, 0.994140625, 0.9921875, 0.986328125, 0.955078125, 0.99609375, 0.978515625, 0.99609375], "mean_choice_error": [], "model_dir": "./model_B2A_1/type8_256_30_model_1_load_A12_B12", "time": [0.8909091949462891, 12.814950227737427, 24.7839138507843, 37.58010125160217, 54.76930499076843, 69.54222393035889, 82.82277131080627, 95.65092253684998, 104.39661073684692, 114.58193874359131, 126.46248388290405, 139.16207480430603, 155.96544337272644, 168.74585676193237, 182.56356167793274, 193.20860719680786, 205.1375002861023, 215.59448194503784, 226.59232568740845, 235.64979243278503], "cost_": [0.41927021741867065, 0.035202402621507645, 0.01729908399283886, 0.01706876792013645, 0.03177063539624214, 0.01700364053249359, 0.014433608390390873, 0.018044130876660347, 0.017182864248752594, 0.018444271758198738, 0.015947546809911728, 0.016966236755251884, 0.015149679034948349, 0.014491175301373005, 0.019526667892932892, 0.02018265798687935, 0.03125808760523796, 0.014312810264527798, 0.01944056712090969, 0.014408896677196026, 0.01483474113047123], "creg_": [0.006208149250596762, 0.006261196453124285, 0.006239201407879591, 0.006248956546187401, 0.006250421516597271, 0.039215900003910065, 0.039600372314453125, 0.04046088829636574, 0.03797147050499916, 0.03712984174489975, 0.03778926655650139, 0.037222713232040405, 0.03746224567294121, 0.036969929933547974, 0.037794966250658035, 0.03710412606596947, 0.035924144089221954, 0.037216875702142715, 0.036637455224990845, 0.0383063480257988, 0.03710739687085152]}