{"success_trial": [3700, 4300, 4400, 4500, 4700, 4800, 5000, 5200, 5300, 5400, 5500, 5600, 5700, 5800, 6000, 6100, 6200, 6300, 6400, 6500, 6600, 6700, 6800, 6900, 7000, 7100, 7200, 7300, 7400, 7500], "cost": 0.009241380728781223, "creg": 0.025484655052423477, "success_action_prob": [0.212890625, 0.36328125, 0.49609375, 0.5078125, 0.48828125, 0.4453125, 0.50390625, 0.548828125, 0.525390625, 0.453125, 0.4921875, 0.4609375, 0.529296875, 0.498046875, 0.37109375, 0.48828125, 0.494140625, 0.51171875, 0.51171875, 0.494140625, 0.50390625, 0.52734375, 0.490234375, 0.505859375, 0.486328125, 0.30078125, 0.4921875, 0.306640625, 0.48828125, 0.505859375, 0.52734375, 0.517578125, 0.53125, 0.4609375, 0.26171875, 0.521484375, 0.533203125, 0.986328125, 0.486328125, 0.50390625, 0.501953125, 0.6484375, 0.705078125, 0.9375, 0.91796875, 0.953125, 0.83203125, 0.984375, 0.96484375, 0.755859375, 0.865234375, 0.84765625, 0.94921875, 0.865234375, 0.9609375, 0.998046875, 0.9921875, 0.9609375, 0.99609375, 0.42578125, 0.9609375, 0.96875, 0.931640625, 0.9765625, 0.998046875, 0.984375, 0.990234375, 0.998046875, 0.994140625, 0.98828125, 0.99609375, 0.994140625, 1.0, 1.0, 0.998046875, 0.998046875], "mean_choice_error": [], "model_dir": "./model_A_1/type8_256_30_0.999_600_model_1", "time": [0.7539007663726807, 10.420432329177856, 19.51224637031555, 28.883633852005005, 39.078065156936646, 48.34697413444519, 56.97411322593689, 66.31038165092468, 75.96154975891113, 85.35003733634949, 95.69170355796814, 107.46823143959045, 117.44151759147644, 127.03629875183105, 136.11913990974426, 145.8902244567871, 155.2628252506256, 165.17901802062988, 174.48214840888977, 184.0829644203186, 193.47076749801636, 203.24545979499817, 211.93205857276917, 220.4719705581665, 229.73202180862427, 238.91991925239563, 247.09308767318726, 257.05187797546387, 267.2143199443817, 277.6116843223572, 287.878746509552, 297.5683755874634, 307.3256561756134, 315.4977385997772, 322.6876344680786, 331.84189438819885, 342.1866936683655, 348.85968685150146, 358.71375608444214, 367.4268355369568, 376.23303508758545, 385.9554400444031, 395.2205057144165, 404.3436348438263, 413.42718839645386, 421.70177149772644, 431.40724444389343, 440.93258786201477, 450.45809626579285, 459.53086733818054, 468.44942569732666, 478.7316679954529, 488.77666330337524, 498.68633699417114, 509.2629370689392, 518.7919933795929, 527.1471176147461, 535.0248572826385, 543.5182220935822, 553.3130540847778, 562.4522242546082, 572.7325165271759, 580.3990035057068, 589.6033034324646, 598.912055015564, 605.6639666557312, 613.643707036972, 621.4389095306396, 630.748960018158, 640.8050632476807, 651.4364171028137, 660.5956771373749, 670.1374106407166, 680.0907499790192, 690.609090089798, 697.5431168079376], "cost_": [0.21080626547336578, 0.18459120392799377, 0.1691971719264984, 0.14464516937732697, 0.13660238683223724, 0.138877734541893, 0.13631705939769745, 0.13322892785072327, 0.13350997865200043, 0.17752975225448608, 0.15987907350063324, 0.16159769892692566, 0.13357219099998474, 0.1331862062215805, 0.18723592162132263, 0.15533113479614258, 0.1405114084482193, 0.1345689594745636, 0.1310167759656906, 0.1340758353471756, 0.13341298699378967, 0.1328197866678238, 0.13613824546337128, 0.1321006417274475, 0.15014690160751343, 0.20337440073490143, 0.14091050624847412, 0.18107104301452637, 0.16430583596229553, 0.14956346154212952, 0.13742661476135254, 0.13390187919139862, 0.1314568668603897, 0.1345381736755371, 0.17754065990447998, 0.13470971584320068, 0.1307445615530014, 0.06188562884926796, 0.1572144478559494, 0.14030788838863373, 0.13608507812023163, 0.11597437411546707, 0.09490355104207993, 0.06129021197557449, 0.05658496171236038, 0.04492238163948059, 0.08372782915830612, 0.030999112874269485, 0.035140231251716614, 0.09445352852344513, 0.06599854677915573, 0.07228482514619827, 0.03511950746178627, 0.061654478311538696, 0.03472107648849487, 0.018226366490125656, 0.017163820564746857, 0.025552140548825264, 0.015369937755167484, 0.19424839317798615, 0.028154319152235985, 0.028906552121043205, 0.03946688771247864, 0.021481461822986603, 0.01101241447031498, 0.015932489186525345, 0.012669891119003296, 0.01174240279942751, 0.010733493603765965, 0.011710179969668388, 0.010533016175031662, 0.010396837256848812, 0.00824746210128069, 0.009776943363249302, 0.009571196511387825, 0.008282210677862167, 0.009241380728781223], "creg_": [0.0351242870092392, 0.030775241553783417, 0.02770029939711094, 0.025659475475549698, 0.023527218028903008, 0.02179541252553463, 0.020104648545384407, 0.018672987818717957, 0.01772671565413475, 0.016224630177021027, 0.015751030296087265, 0.015157610177993774, 0.015034048818051815, 0.014382114633917809, 0.01341426931321621, 0.013329224660992622, 0.013150716200470924, 0.0129166254773736, 0.012533394619822502, 0.012173889204859734, 0.011882440187036991, 0.011837161146104336, 0.011252796277403831, 0.011099322699010372, 0.010542416013777256, 0.010394173674285412, 0.010699091479182243, 0.010096407495439053, 0.009943092241883278, 0.009827721863985062, 0.0097650196403265, 0.009624514728784561, 0.00947585143148899, 0.009300985373556614, 0.010031596757471561, 0.008925377391278744, 0.00887643825262785, 0.009567774832248688, 0.00811703223735094, 0.008168098516762257, 0.008084125816822052, 0.00820417981594801, 0.008602011017501354, 0.008712854236364365, 0.008839588612318039, 0.008869178593158722, 0.008737470954656601, 0.00879219826310873, 0.06914621591567993, 0.05419664829969406, 0.05227063223719597, 0.04786187410354614, 0.04647952690720558, 0.04238409921526909, 0.042962439358234406, 0.04214917868375778, 0.039194174110889435, 0.03771848604083061, 0.038355741649866104, 0.032699745148420334, 0.03715098649263382, 0.03487604111433029, 0.03211669251322746, 0.03190051019191742, 0.0327177569270134, 0.032390296459198, 0.030988765880465508, 0.03014158271253109, 0.029978716745972633, 0.029618311673402786, 0.02839401364326477, 0.02950812317430973, 0.028072407469153404, 0.027438299730420113, 0.026233751326799393, 0.02763684280216694, 0.025484655052423477]}